﻿<?xml version="1.0"?>
<doc>
<assembly>
<name>
ArUpdate
</name>
</assembly>
<members>
<member name="T:ArUpdate.My.Resources.Resource">
<summary>
  A strongly-typed resource class, for looking up localized strings, etc.
</summary>
</member>
<member name="P:ArUpdate.My.Resources.Resource.ResourceManager">
<summary>
  Returns the cached ResourceManager instance used by this class.
</summary>
</member>
<member name="P:ArUpdate.My.Resources.Resource.Culture">
<summary>
  Overrides the current thread's CurrentUICulture property for all
  resource lookups using this strongly typed resource class.
</summary>
</member>
<member name="P:ArUpdate.My.Resources.Resource.A_HET_NAPJAI_3_langval">
<summary>
  Looks up a localized string similar to 3m.
</summary>
</member>
<member name="P:ArUpdate.My.Resources.Resource.A_HET_NAPJAI_3_meaning">
<summary>
  Looks up a localized string similar to Szerda.
</summary>
</member>
<member name="P:ArUpdate.My.Resources.Resource.IFSZ_00001">
<summary>
  Looks up a localized string similar to Próba4.
</summary>
</member>
<member name="P:ArUpdate.My.Resources.Resource.IFSZ_03001">
<summary>
  Looks up a localized string similar to resource fájl csatolva, bakker.
</summary>
</member>
<member name="T:ArUpdate.My.Resources.Resources">
<summary>
  A strongly-typed resource class, for looking up localized strings, etc.
</summary>
</member>
<member name="P:ArUpdate.My.Resources.Resources.ResourceManager">
<summary>
  Returns the cached ResourceManager instance used by this class.
</summary>
</member>
<member name="P:ArUpdate.My.Resources.Resources.Culture">
<summary>
  Overrides the current thread's CurrentUICulture property for all
  resource lookups using this strongly typed resource class.
</summary>
</member>
</members>
</doc>
